Moi,4,4
Moikkausta,5,5
Testi,5,5
Kurssin nimi,1,1
Kurssin nimi,1,1
Kurssin nimi,1,1
Kurssin nimi,1,1
Kurssin nimi,1,1
Kurssin nimi,1,1
Kurssin nimi,1,1
Kurssin nimi,1,1
Kurssin nimi,1,1
Kurssin nimi,2,2
Kurssin nimi,2,2
Kurssin nimi,2,2
Kurssin nimi,3,3
Kurssin nimi,3,3
Kurssin nimi,3,3
Kurssin nimi,3,3
Kurssin nimi,3,3
Kurssin nimi,3,3
Kurssin nimi,3,3
Kurssin nimi,3,3
Kurssin nimi,3,3
Kurssin nimi,3,3
Kurssin nimi,3,3
Kurssin nimi,9,9
Kurssin nimi,9,9
Kurssin nimi,9,9
Kurssin nimi,9,9
Kurssin nimi,10,10
Kurssin nimi,1,1
Kurssin nimi,1,1
Kurssin nimi,1,1
Kurssin nimi,10,10
Kurssin nimi,3,3
Kurssin nimi,3,3
Tira,1,1
